method,noise_level,psnr,ssim,avg_inference_time
unet,0.005,29.888864192769,0.8941426,0.034768416963774584
unet,0.01,29.88627042366518,0.8935503,0.03435294052650189
unet,0.05,29.63382087328189,0.875381,0.03378442238117087
unet,0.1,28.931984300762377,0.82951576,0.03557964193409887
