method,noise_level,psnr,ssim,avg_inference_time
diffpir,0.005,16.671566090062466,0.23475564,2.0147521257400514
diffpir,0.01,17.319327965625167,0.2698922,1.9672462940216064
diffpir,0.05,22.486164933002037,0.51217365,2.035723638534546
diffpir,0.1,24.68279494293067,0.6637006,1.9998713970184325
