method,noise_level,psnr,ssim,avg_inference_time
diffpir,0.005,16.67139711603306,0.23535585,3.2704586505889894
diffpir,0.01,17.318185539550655,0.26986223,3.0035825252532957
diffpir,0.05,22.48844896598564,0.5124334,2.854634952545166
diffpir,0.1,24.68350163263971,0.66333324,2.8932698726654054
